timestamp,open,high,low,close,volume,currency_volume,extra_0,extra_1
2022-12-02 16:00:00,5.644,5.708,5.536,5.557,1005061.672645,5635331.934975,5635331.934975,1
2022-12-03 16:00:00,5.557,5.602,5.481,5.546,513954.373482,2846825.924241,2846825.924241,1
2022-12-04 16:00:00,5.547,5.73,5.523,5.544,763981.785184,4303536.896003,4303536.896003,1
2022-12-05 16:00:00,5.544,5.568,5.425,5.479,659395.820629,3621622.819973,3621622.819973,1
2022-12-06 16:00:00,5.479,5.522,5.237,5.325,1127727.213831,6046031.068685,6046031.068685,1
2022-12-07 16:00:00,5.326,5.337,5.252,5.317,864069.595311,4574423.944668,4574423.944668,1
2022-12-08 16:00:00,5.317,5.459,5.304,5.355,738307.944755,3977556.655871,3977556.655871,1
2022-12-09 16:00:00,5.355,5.36,5.26,5.32,416569.787133,2205554.858308,2205554.858308,1
2022-12-10 16:00:00,5.32,5.328,5.261,5.297,318415.037754,1683589.290741,1683589.290741,1
2022-12-11 16:00:00,5.296,5.322,5.011,5.127,1257377.158898,6488077.205088,6488077.205088,1
2022-12-12 16:00:00,5.13,5.341,4.995,5.264,1724377.437858,8919403.882505,8919403.882505,1
2022-12-13 16:00:00,5.264,5.35,5.216,5.342,1161031.149423,6139849.460825,6139849.460825,1
2022-12-14 16:00:00,5.343,5.359,5.118,5.219,1448267.125307,7557153.084673,7557153.084673,1
2022-12-15 16:00:00,5.219,5.251,5.016,5.053,1375146.700738,7069710.873796,7069710.873796,1
2022-12-16 16:00:00,5.053,5.055,4.502,4.688,2705613.040422,12757739.966282,12757739.966282,1
2022-12-17 16:00:00,4.688,4.726,4.651,4.687,348664.183805,1633423.911081,1633423.911081,1
2022-12-18 16:00:00,4.687,4.705,4.57,4.621,633009.521724,2936810.847262,2936810.847262,1
2022-12-19 16:00:00,4.621,4.655,4.413,4.621,1309711.114721,5970554.691522,5970554.691522,1
2022-12-20 16:00:00,4.621,4.627,4.45,4.492,717097.937544,3245884.390967,3245884.390967,1
2022-12-21 16:00:00,4.492,4.501,4.374,4.392,621936.586675,2770968.708856,2770968.708856,1
2022-12-22 16:00:00,4.392,4.55,4.372,4.49,982202.58226,4408878.509279,4408878.509279,1
2022-12-23 16:00:00,4.49,4.503,4.431,4.46,366336.863529,1638495.903069,1638495.903069,1
2022-12-24 16:00:00,4.461,4.473,4.403,4.44,346048.301886,1538050.486811,1538050.486811,1
2022-12-25 16:00:00,4.44,4.52,4.396,4.506,502702.404176,2249681.081102,2249681.081102,1
2022-12-26 16:00:00,4.505,4.584,4.475,4.493,619696.19486,2805206.307467,2805206.307467,1
2022-12-27 16:00:00,4.493,4.504,4.263,4.32,1862962.131066,8185578.234059,8185578.234059,1
2022-12-28 16:00:00,4.32,4.363,4.226,4.337,1103572.943771,4749418.767059,4749418.767059,1
2022-12-29 16:00:00,4.338,4.347,4.225,4.293,920880.531236,3940277.034572,3940277.034572,1
2022-12-30 16:00:00,4.293,4.394,4.287,4.367,449510.968162,1950715.146215,1950715.146215,1
2022-12-31 16:00:00,4.368,4.374,4.278,4.339,587377.584828,2533898.006763,2533898.006763,1
2023-01-01 16:00:00,4.34,4.521,4.317,4.5,904150.970104,4011870.41329,4011870.41329,1
2023-01-02 16:00:00,4.5,4.546,4.465,4.511,631887.912837,2848906.185076,2848906.185076,1
2023-01-03 16:00:00,4.511,4.688,4.48,4.659,847624.518158,3912744.36573,3912744.36573,1
2023-01-04 16:00:00,4.659,4.671,4.545,4.578,603717.394972,2781305.750906,2781305.750906,1
2023-01-05 16:00:00,4.576,4.68,4.549,4.67,893157.821684,4114531.831515,4114531.831515,1
2023-01-06 16:00:00,4.672,4.706,4.634,4.662,440595.409328,2059084.224766,2059084.224766,1
2023-01-07 16:00:00,4.662,4.759,4.604,4.75,595651.559783,2780909.339169,2780909.339169,1
2023-01-08 16:00:00,4.753,5.079,4.706,5.038,2036298.698188,10013796.970026,10013796.970026,1
2023-01-09 16:00:00,5.039,5.055,4.824,4.92,1241274.237575,6117136.427336,6117136.427336,1
2023-01-10 16:00:00,4.921,4.972,4.835,4.849,812172.085105,3978019.335757,3978019.335757,1
2023-01-11 16:00:00,4.847,5.181,4.828,5.073,1742868.968099,8845367.708472,8845367.708472,1
2023-01-12 16:00:00,5.072,5.3,5.059,5.284,1298046.59249,6763303.096448,6763303.096448,1
2023-01-13 16:00:00,5.286,6.556,5.223,6.115,5503937.685475,32397955.18624,32397955.18624,1
2023-01-14 16:00:00,6.114,6.159,5.771,6.025,2351396.104949,13998582.199672,13998582.199672,1
2023-01-15 16:00:00,6.025,6.088,5.609,5.766,2309583.440953,13559031.014496,13559031.014496,1
2023-01-16 16:00:00,5.764,6.213,5.692,6.008,2607279.857738,15494224.300829,15494224.300829,1
2023-01-17 16:00:00,6.009,6.217,5.675,5.831,2668339.738028,15976341.944429,15976341.944429,1
2023-01-18 16:00:00,5.829,5.882,5.538,5.741,3608627.863664,20673201.281341,20673201.281341,1
2023-01-19 16:00:00,5.741,5.916,5.707,5.853,1203694.514787,7002879.931722,7002879.931722,1
2023-01-20 16:00:00,5.854,6.344,5.842,6.147,3124086.914262,19262097.07423,19262097.07423,1
2023-01-21 16:00:00,6.148,6.466,6.138,6.307,2537916.817435,15992286.570998,15992286.570998,1
2023-01-22 16:00:00,6.31,6.682,6.08,6.547,3941950.306753,25072060.893491,25072060.893491,1
2023-01-23 16:00:00,6.55,6.826,6.416,6.485,3125389.839129,20701852.548399,20701852.548399,1
2023-01-24 16:00:00,6.487,6.523,6.01,6.169,2160635.077699,13469203.294225,13469203.294225,1
2023-01-25 16:00:00,6.168,6.569,6.131,6.406,2241916.800532,14367132.892987,14367132.892987,1
2023-01-26 16:00:00,6.407,6.516,6.269,6.406,1426601.507604,9148474.093281,9148474.093281,1
2023-01-27 16:00:00,6.404,6.665,6.329,6.441,1516326.960869,9876268.085827,9876268.085827,1
2023-01-28 16:00:00,6.441,6.624,6.322,6.571,1044354.784099,6779253.07508,6779253.07508,1
2023-01-29 16:00:00,6.571,6.698,6.219,6.286,1617413.87654,10438186.481859,10438186.481859,1
2023-01-30 16:00:00,6.284,6.34,6.009,6.275,1524039.831382,9435543.26436,9435543.26436,1
2023-01-31 16:00:00,6.276,6.322,6.031,6.062,1223705.892818,7609831.591269,7609831.591269,1
2023-02-01 16:00:00,6.062,6.668,6.028,6.634,2291657.852609,14746565.516388,14746565.516388,1
2023-02-02 16:00:00,6.634,7.05,6.466,6.96,3146786.507497,21284396.602493,21284396.602493,1
2023-02-03 16:00:00,6.961,7.128,6.818,6.947,1609633.845441,11228652.756849,11228652.756849,1
2023-02-04 16:00:00,6.945,6.985,6.6,6.629,1312273.187267,8910372.079291,8910372.079291,1
2023-02-05 16:00:00,6.629,6.79,6.514,6.755,1066043.929976,7086311.026363,7086311.026363,1
2023-02-06 16:00:00,6.755,6.776,6.419,6.684,1035463.838045,6860060.01037,6860060.01037,1
2023-02-07 16:00:00,6.684,7.018,6.59,6.761,1394317.706616,9528782.341712,9528782.341712,1
2023-02-08 16:00:00,6.76,6.992,6.513,6.85,2384444.200029,16105261.511617,16105261.511617,1
2023-02-09 16:00:00,6.85,6.892,6.085,6.201,2572489.687385,16360169.679311,16360169.679311,1
2023-02-10 16:00:00,6.202,6.306,6.118,6.234,600143.348511,3725217.651059,3725217.651059,1
2023-02-11 16:00:00,6.236,6.341,6.168,6.326,494117.961036,3097050.937742,3097050.937742,1
2023-02-12 16:00:00,6.325,6.383,5.954,6,1612825.429274,9875487.138017,9875487.138017,1
2023-02-13 16:00:00,6,6.262,5.879,6.201,1599998.0019,9751261.557453,9751261.557453,1
2023-02-14 16:00:00,6.201,6.352,6.142,6.303,1180709.451648,7363369.253091,7363369.253091,1
2023-02-15 16:00:00,6.305,6.684,6.273,6.65,1678105.239356,10999157.76449,10999157.76449,1
2023-02-16 16:00:00,6.652,6.9,6.291,6.838,3063223.384532,20422558.655619,20422558.655619,1
2023-02-17 16:00:00,6.836,7.416,6.811,7.212,3714952.7002,26844227.322456,26844227.322456,1
2023-02-18 16:00:00,7.21,7.796,7.141,7.727,3166086.080599,23664756.637582,23664756.637582,1
2023-02-19 16:00:00,7.729,7.897,7.243,7.51,2803565.007663,21139017.598017,21139017.598017,1
2023-02-20 16:00:00,7.511,7.573,7.239,7.274,1595439.377897,11810263.799903,11810263.799903,1
2023-02-21 16:00:00,7.272,7.377,6.844,6.928,2385195.206659,16952171.996855,16952171.996855,1
2023-02-22 16:00:00,6.924,7.382,6.884,7.205,1673017.863863,12038049.557267,12038049.557267,1
2023-02-23 16:00:00,7.206,7.21,6.6,6.71,1623834.026187,11310134.34244,11310134.34244,1
2023-02-24 16:00:00,6.712,6.729,6.469,6.575,1657507.656722,10951616.170433,10951616.170433,1
2023-02-25 16:00:00,6.575,6.619,6.34,6.606,884910.364086,5768133.75548,5768133.75548,1
2023-02-26 16:00:00,6.607,6.782,6.545,6.692,1057850.384601,7044041.263853,7044041.263853,1
2023-02-27 16:00:00,6.693,6.705,6.42,6.482,990370.459038,6472152.149168,6472152.149168,1
2023-02-28 16:00:00,6.48,6.598,6.275,6.525,1296911.38449,8406050.59712,8406050.59712,1
2023-03-01 16:00:00,6.523,6.557,6.222,6.312,862211.503767,5509719.846398,5509719.846398,1
2023-03-02 16:00:00,6.311,6.341,5.773,6.048,2206463.624137,13283916.706540395,13283916.706540395,1
2023-03-03 16:00:00,6.047,6.08,5.914,5.971,607659.105417,3651282.648266867,3651282.648266867,1
2023-03-04 16:00:00,5.97,6.061,5.722,6.038,843607.89416,5000607.702557815,5000607.702557815,1
2023-03-05 16:00:00,6.037,6.051,5.858,6.03,734924.564134,4372519.795303311,4372519.795303311,1
2023-03-06 16:00:00,6.031,6.04,5.738,5.857,1031066.083493,6061565.390285201,6061565.390285201,1
2023-03-07 16:00:00,5.855,5.942,5.559,5.683,1541370.836589,8815652.600774968,8815652.600774968,1
2023-03-08 16:00:00,5.681,5.794,5.5,5.74,1342564.730522,7591361.694171834,7591361.694171834,1
2023-03-09 16:00:00,5.739,5.8,5.144,5.475,3854702.320968,20810369.935860371,20810369.935860371,1
2023-03-10 16:00:00,5.475,5.678,5.232,5.255,2483414.747311,13597743.134338479,13597743.134338479,1
2023-03-11 16:00:00,5.254,5.514,5.224,5.391,1728609.738746,9306805.298539676,9306805.298539676,1
2023-03-12 16:00:00,5.39,6.111,5.367,6.024,5108042.933581,29804936.094039529,29804936.094039529,1
2023-03-13 16:00:00,6.024,6.538,5.968,6.516,3734309.766474,23200508.063137132,23200508.063137132,1
2023-03-14 16:00:00,6.513,6.532,5.937,5.968,3004232.285115,18742630.626971753,18742630.626971753,1
2023-03-15 16:00:00,5.97,6.088,5.763,6.06,2166830.463081,12848331.6992952,12848331.6992952,1
2023-03-16 16:00:00,6.061,6.543,5.987,6.37,1641340.905362,10286335.002187647,10286335.002187647,1
2023-03-17 16:00:00,6.369,6.7,6.326,6.477,2177715.179129,14290868.827890023,14290868.827890023,1
2023-03-18 16:00:00,6.477,6.572,6.283,6.504,1360978.593319,8753145.537054548,8753145.537054548,1
2023-03-19 16:00:00,6.501,6.602,6.22,6.339,1535326.225236,9884382.653426881,9884382.653426881,1
2023-03-20 16:00:00,6.34,6.374,5.999,6.245,1645522.809354,10124037.754824914,10124037.754824914,1
2023-03-21 16:00:00,6.244,6.458,6.132,6.3,1324611.418405,8357213.78375955,8357213.78375955,1
2023-03-22 16:00:00,6.298,6.39,5.9,6.374,1976131.019678,12168319.065510436,12168319.065510436,1
2023-03-23 16:00:00,6.378,6.419,6.039,6.075,1344310.902333,8351465.07152289,8351465.07152289,1
2023-03-24 16:00:00,6.073,6.111,5.95,6.018,695287.755104,4186608.572825918,4186608.572825918,1
2023-03-25 16:00:00,6.018,6.107,5.829,6.026,739239.1669,4412843.382697007,4412843.382697007,1
2023-03-26 16:00:00,6.026,6.115,5.742,5.85,889581.148663,5297410.720560683,5297410.720560683,1
2023-03-27 16:00:00,5.849,6.006,5.786,5.966,790481.002943,4647185.677820385,4647185.677820385,1
2023-03-28 16:00:00,5.967,6.284,5.905,6.206,1064661.23216,6558611.05959993,6558611.05959993,1
2023-03-29 16:00:00,6.206,6.297,6.07,6.113,1052047.728407,6490704.135567195,6490704.135567195,1
2023-03-30 16:00:00,6.112,6.37,6.027,6.328,1186742.570688,7349144.748146693,7349144.748146693,1
2023-03-31 16:00:00,6.327,6.394,6.223,6.264,657340.01137,4142862.481970792,4142862.481970792,1
2023-04-01 16:00:00,6.262,6.447,6.189,6.344,903283.697582,5737291.721157089,5737291.721157089,1
2023-04-02 16:00:00,6.341,6.397,6.089,6.323,1180902.538512,7416139.770596244,7416139.770596244,1
2023-04-03 16:00:00,6.324,6.518,6.122,6.433,1854895.422242,11863389.653873114,11863389.653873114,1
2023-04-04 16:00:00,6.433,6.588,6.32,6.379,1136525.794069,7371991.431963363,7371991.431963363,1
2023-04-05 16:00:00,6.38,6.417,6.255,6.358,815073.194917,5172498.433027443,5172498.433027443,1
2023-04-06 16:00:00,6.358,6.378,6.135,6.201,862235.030354,5361237.270155293,5361237.270155293,1
2023-04-07 16:00:00,6.201,6.233,6.106,6.206,425943.314658,2630403.465972609,2630403.465972609,1
2023-04-08 16:00:00,6.207,6.242,6.089,6.135,551955.256717,3389977.492456062,3389977.492456062,1
2023-04-09 16:00:00,6.134,6.259,6.107,6.148,415553.004263,2564779.929490477,2564779.929490477,1
2023-04-10 16:00:00,6.149,6.479,6.121,6.437,1034605.772951,6551733.808128219,6551733.808128219,1
2023-04-11 16:00:00,6.439,6.492,6.209,6.392,1137536.002156,7212117.255256355,7212117.255256355,1
2023-04-12 16:00:00,6.395,6.581,6.318,6.56,836480.31393,5392904.093249325,5392904.093249325,1
2023-04-13 16:00:00,6.561,6.843,6.533,6.559,1539994.065513,10316981.648218548,10316981.648218548,1
2023-04-14 16:00:00,6.556,6.818,6.539,6.765,859275.411794,5760287.366863827,5760287.366863827,1
2023-04-15 16:00:00,6.764,6.873,6.675,6.774,822175.891876,5569325.455866222,5569325.455866222,1
2023-04-16 16:00:00,6.774,6.877,6.622,6.686,1157793.478594,7788710.309010061,7788710.309010061,1
2023-04-17 16:00:00,6.687,6.982,6.574,6.879,1313590.980112,8976363.794932618,8976363.794932618,1
2023-04-18 16:00:00,6.881,6.932,6.297,6.465,2266562.430408,15010138.568494082,15010138.568494082,1
2023-04-19 16:00:00,6.468,6.493,6.232,6.241,1542091.238421,9811989.954256725,9811989.954256725,1
2023-04-20 16:00:00,6.24,6.244,5.991,6.027,1623064.075893,9894148.676386603,9894148.676386603,1
2023-04-21 16:00:00,6.026,6.037,5.779,5.943,950107.902415,5594158.117794015,5594158.117794015,1
2023-04-22 16:00:00,5.947,5.974,5.837,5.873,570448.021908,3377108.753489863,3377108.753489863,1
2023-04-23 16:00:00,5.874,6.044,5.764,5.85,863873.792081,5110217.799673135,5110217.799673135,1
2023-04-24 16:00:00,5.85,5.96,5.779,5.798,611921.228129,3587099.335947909,3587099.335947909,1
2023-04-25 16:00:00,5.798,6.22,5.787,6.207,1074266.750572,6500920.357048773,6500920.357048773,1
2023-04-26 16:00:00,6.206,6.209,5.592,5.945,2349163.630359,13733941.475086515,13733941.475086515,1
2023-04-27 16:00:00,5.954,6.049,5.773,5.882,1020378.418949,6045414.293667021,6045414.293667021,1
2023-04-28 16:00:00,5.882,6.032,5.874,5.991,489511.095035,2916167.533970157,2916167.533970157,1
2023-04-29 16:00:00,5.994,6.086,5.922,6.035,461037.372724,2772220.055363559,2772220.055363559,1
2023-04-30 16:00:00,6.035,6.069,5.738,5.747,540697.88832,3169196.625189143,3169196.625189143,1
2023-05-01 16:00:00,5.748,5.75,5.596,5.698,520536.508105,2951030.22961523,2951030.22961523,1
2023-05-02 16:00:00,5.699,5.757,5.556,5.603,489523.87327,2751811.942393303,2751811.942393303,1
2023-05-03 16:00:00,5.605,5.811,5.591,5.667,406267.6369,2322356.029193247,2322356.029193247,1
2023-05-04 16:00:00,5.665,5.869,5.619,5.82,580090.948449,3332070.677397459,3332070.677397459,1
2023-05-05 16:00:00,5.821,5.901,5.584,5.602,669917.891824,3858794.611412302,3858794.611412302,1
2023-05-06 16:00:00,5.603,5.696,5.591,5.667,309654.670632,1749161.509736573,1749161.509736573,1
2023-05-07 16:00:00,5.669,5.7,5.344,5.416,1031722.637552,5646373.18062817,5646373.18062817,1
2023-05-08 16:00:00,5.417,5.425,5.165,5.304,753836.395427,4000785.88851051,4000785.88851051,1
2023-05-09 16:00:00,5.3,5.501,5.292,5.483,670902.723602,3613842.711838289,3613842.711838289,1
2023-05-10 16:00:00,5.484,5.521,5.206,5.299,1059970.312416,5683165.057589219,5683165.057589219,1
2023-05-11 16:00:00,5.295,5.318,5.145,5.224,638392.321173,3337704.806680315,3337704.806680315,1
2023-05-12 16:00:00,5.224,5.396,5.115,5.34,526912.391106,2785602.354550055,2785602.354550055,1
2023-05-13 16:00:00,5.338,5.447,5.314,5.42,323318.923704,1736290.71592951,1736290.71592951,1
2023-05-14 16:00:00,5.421,5.433,5.266,5.373,541488.082654,2905793.858944797,2905793.858944797,1
2023-05-15 16:00:00,5.377,5.408,5.231,5.277,497431.42738,2632996.853359931,2632996.853359931,1
2023-05-16 16:00:00,5.278,5.377,5.221,5.259,385809.331296,2042370.602647144,2042370.602647144,1
2023-05-17 16:00:00,5.258,5.466,5.241,5.375,447833.420014,2417259.676677106,2417259.676677106,1
2023-05-18 16:00:00,5.372,5.395,5.247,5.364,325887.139086,1736859.296172665,1736859.296172665,1
2023-05-19 16:00:00,5.363,5.431,5.328,5.426,431591.65932,2315413.20548927,2315413.20548927,1
2023-05-20 16:00:00,5.425,5.446,5.27,5.289,241091.773085,1294119.718065766,1294119.718065766,1
2023-05-21 16:00:00,5.289,5.337,5.224,5.308,285601.067343,1510022.642840794,1510022.642840794,1
2023-05-22 16:00:00,5.307,5.45,5.281,5.389,290809.528055,1562160.160222798,1562160.160222798,1
2023-05-23 16:00:00,5.389,5.417,5.195,5.239,404321.05565,2138553.243365872,2138553.243365872,1
2023-05-24 16:00:00,5.24,5.3,5.141,5.231,454418.437076,2380595.102338552,2380595.102338552,1
2023-05-25 16:00:00,5.232,5.293,5.187,5.263,321187.308035,1680732.695342607,1680732.695342607,1
2023-05-26 16:00:00,5.266,5.373,5.216,5.321,304726.801741,1610284.331308944,1610284.331308944,1
2023-05-27 16:00:00,5.322,5.409,5.302,5.388,288925.257102,1547353.670232196,1547353.670232196,1
2023-05-28 16:00:00,5.388,5.562,5.373,5.435,452225.377002,2477970.381868325,2477970.381868325,1
2023-05-29 16:00:00,5.434,5.53,5.414,5.435,315660.664105,1726704.208929909,1726704.208929909,1
2023-05-30 16:00:00,5.436,5.464,5.269,5.279,523596.36419,2804847.680511735,2804847.680511735,1
2023-05-31 16:00:00,5.281,5.336,5.201,5.229,405359.527156,2128642.842702311,2128642.842702311,1
2023-06-01 16:00:00,5.23,5.304,5.156,5.245,486088.122248,2545959.05547427,2545959.05547427,1
2023-06-02 16:00:00,5.245,5.302,5.217,5.291,272036.34095,1434158.037083196,1434158.037083196,1
2023-06-03 16:00:00,5.292,5.385,5.238,5.334,325022.304274,1731262.399906786,1731262.399906786,1
2023-06-04 16:00:00,5.335,5.372,5.02,5.021,770964.211867,4022892.317227388,4022892.317227388,1
2023-06-05 16:00:00,5.023,5.117,4.875,5.084,935986.414093,4689410.835602095,4689410.835602095,1
2023-06-06 16:00:00,5.087,5.267,5.012,5.037,611993.451738,3145605.954813298,3145605.954813298,1
2023-06-07 16:00:00,5.037,5.057,4.976,5.042,484095.9706,2427674.336207725,2427674.336207725,1
2023-06-08 16:00:00,5.044,5.07,4.956,5.032,307796.39133,1544260.067432295,1544260.067432295,1
2023-06-09 16:00:00,5.031,5.049,4.087,4.412,2884756.538833,12842026.591527639,12842026.591527639,1
2023-06-10 16:00:00,4.414,4.539,4.379,4.451,762109.41279,3406744.852115269,3406744.852115269,1
2023-06-11 16:00:00,4.45,4.554,4.412,4.51,672549.158212,3023815.428747316,3023815.428747316,1
2023-06-12 16:00:00,4.51,4.719,4.456,4.557,697574.732363,3199851.384483708,3199851.384483708,1
2023-06-13 16:00:00,4.557,4.704,4.554,4.676,300963.661526,1394084.333532695,1394084.333532695,1
2023-06-14 16:00:00,4.673,4.804,4.303,4.334,1297576.663962,5877289.543607571,5877289.543607571,1
2023-06-15 16:00:00,4.335,4.542,4.274,4.375,737648.67872,3221126.371520843,3221126.371520843,1
2023-06-16 16:00:00,4.376,4.557,4.358,4.552,602714.062963,2693701.76182239,2693701.76182239,1
2023-06-17 16:00:00,4.551,4.667,4.48,4.594,326640.773718,1493611.74513489,1493611.74513489,1
2023-06-18 16:00:00,4.594,4.61,4.46,4.488,360988.087666,1638006.343174101,1638006.343174101,1
2023-06-19 16:00:00,4.487,4.567,4.372,4.42,562351.022048,2509879.607564242,2509879.607564242,1
2023-06-20 16:00:00,4.421,4.77,4.404,4.726,949169.478098,4420948.663238486,4420948.663238486,1
2023-06-21 16:00:00,4.726,4.98,4.714,4.796,861658.355167,4177090.702993788,4177090.702993788,1
2023-06-22 16:00:00,4.796,5.109,4.795,5.089,774731.207471,3821492.726595845,3821492.726595845,1
2023-06-23 16:00:00,5.089,5.139,4.901,4.992,889199.221604,4499193.204129056,4499193.204129056,1
2023-06-24 16:00:00,4.989,5.244,4.939,5.133,717258.541431,3671607.336403487,3671607.336403487,1
2023-06-25 16:00:00,5.126,5.241,5.069,5.189,944384.397584,4877971.854751885,4877971.854751885,1
2023-06-26 16:00:00,5.193,5.222,4.997,5.067,694443.530349,3533572.455569271,3533572.455569271,1
2023-06-27 16:00:00,5.067,5.127,4.953,5.004,397351.769581,1999894.295998871,1999894.295998871,1
2023-06-28 16:00:00,5.001,5.24,4.746,5.023,1052391.147953,5280371.086503848,5280371.086503848,1
2023-06-29 16:00:00,5.025,5.27,4.775,4.973,1549133.579528,7802641.381821333,7802641.381821333,1
2023-06-30 16:00:00,4.973,5.367,4.948,5.286,1179500.833652,6132093.888511616,6132093.888511616,1
2023-07-01 16:00:00,5.288,5.402,5.223,5.344,796159.988534,4217738.843141069,4217738.843141069,1
2023-07-02 16:00:00,5.344,5.632,5.323,5.491,1097657.452947,6020124.632072744,6020124.632072744,1
2023-07-03 16:00:00,5.492,5.512,5.376,5.426,551969.126397,3011297.155802471,3011297.155802471,1
2023-07-04 16:00:00,5.425,5.443,5.117,5.171,746320.929869,3942778.375346931,3942778.375346931,1
2023-07-05 16:00:00,5.17,5.365,5.041,5.145,733875.672825,3825792.851149033,3825792.851149033,1
2023-07-06 16:00:00,5.146,5.18,4.975,5.151,472948.460137,2405273.799527198,2405273.799527198,1
2023-07-07 16:00:00,5.15,5.196,5.071,5.154,319401.441923,1642393.498051292,1642393.498051292,1
2023-07-08 16:00:00,5.154,5.171,5.054,5.094,307176.691959,1571908.190117629,1571908.190117629,1
2023-07-09 16:00:00,5.092,5.125,4.983,5.108,345638.622231,1747559.760817143,1747559.760817143,1
2023-07-10 16:00:00,5.11,5.23,5.085,5.152,349038.352009,1794528.086882846,1794528.086882846,1
2023-07-11 16:00:00,5.152,5.363,5.128,5.18,525569.091795,2754039.628081429,2754039.628081429,1
2023-07-12 16:00:00,5.18,5.4,5.095,5.356,604083.166666,3162458.506535607,3162458.506535607,1
2023-07-13 16:00:00,5.359,5.741,5.325,5.655,1895046.560591,10504878.804638257,10504878.804638257,1
2023-07-14 16:00:00,5.653,5.683,5.29,5.487,878680.962718,4795079.039954004,4795079.039954004,1
2023-07-15 16:00:00,5.485,5.498,5.319,5.384,293764.359561,1585812.092149685,1585812.092149685,1
2023-07-16 16:00:00,5.383,5.416,5.18,5.283,431618.937648,2295539.141670458,2295539.141670458,1
2023-07-17 16:00:00,5.275,5.391,5.161,5.196,588074.069928,3098681.761414049,3098681.761414049,1
2023-07-18 16:00:00,5.193,5.256,5.091,5.182,318281.244138,1649207.213784532,1649207.213784532,1
2023-07-19 16:00:00,5.179,5.49,5.147,5.303,718669.655662,3837955.522862044,3837955.522862044,1
2023-07-20 16:00:00,5.298,5.706,5.233,5.471,1311480.727817,7216052.088299059,7216052.088299059,1
2023-07-21 16:00:00,5.469,5.54,5.292,5.373,684352.445194,3704616.77193333,3704616.77193333,1
2023-07-22 16:00:00,5.373,5.491,5.261,5.376,472588.799659,2542642.630336174,2542642.630336174,1
2023-07-23 16:00:00,5.378,5.484,5.05,5.176,1038406.982361,5439947.127095646,5439947.127095646,1
2023-07-24 16:00:00,5.175,5.255,5.127,5.157,416133.200613,2162886.563537348,2162886.563537348,1
2023-07-25 16:00:00,5.158,5.238,5.115,5.227,361519.282852,1874668.884548356,1874668.884548356,1
2023-07-26 16:00:00,5.229,5.345,5.18,5.235,556962.800522,2934002.483532365,2934002.483532365,1
2023-07-27 16:00:00,5.235,5.272,5.16,5.245,443886.166879,2315688.84360565,2315688.84360565,1
2023-07-28 16:00:00,5.247,5.255,5.195,5.232,185819.184789,971725.454263972,971725.454263972,1
2023-07-29 16:00:00,5.232,5.277,5.207,5.248,340665.858765,1784492.258986527,1784492.258986527,1
2023-07-30 16:00:00,5.249,5.259,5.088,5.127,667755.748926,3449929.589166016,3449929.589166016,1
2023-07-31 16:00:00,5.126,5.16,4.948,5.098,796360.138122,4024670.743207761,4024670.743207761,1
2023-08-01 16:00:00,5.101,5.22,5.05,5.094,526507.252422,2701830.389828012,2701830.389828012,1
2023-08-02 16:00:00,5.093,5.101,4.98,5.024,416482.642498,2096799.160058303,2096799.160058303,1
2023-08-03 16:00:00,5.025,5.048,4.932,5.027,334362.619943,1669725.921510116,1669725.921510116,1
2023-08-04 16:00:00,5.028,5.04,4.931,4.944,280872.035508,1397447.577970743,1397447.577970743,1
2023-08-05 16:00:00,4.943,5.024,4.93,4.964,216672.450442,1081151.172622205,1081151.172622205,1
2023-08-06 16:00:00,4.967,5.05,4.918,4.935,326438.721699,1631941.340351892,1631941.340351892,1
2023-08-07 16:00:00,4.932,5.045,4.825,5.028,387758.810552,1918482.701301242,1918482.701301242,1
2023-08-08 16:00:00,5.029,5.105,5.024,5.05,335305.151856,1697587.715491813,1697587.715491813,1
2023-08-09 16:00:00,5.052,5.066,4.995,5.011,222830.946455,1119717.107300403,1119717.107300403,1
2023-08-10 16:00:00,5.013,5.021,4.97,4.975,209825.515003,1049323.526437616,1049323.526437616,1
2023-08-11 16:00:00,4.974,5.035,4.956,5.03,117927.035486,590254.866341387,590254.866341387,1
2023-08-12 16:00:00,5.031,5.043,5.012,5.016,154982.827319,779858.654402338,779858.654402338,1
2023-08-13 16:00:00,5.016,5.053,4.954,5.041,308208.20133,1542362.893123392,1542362.893123392,1
2023-08-14 16:00:00,5.043,5.05,4.941,4.951,257770.636357,1283282.536268542,1283282.536268542,1
2023-08-15 16:00:00,4.952,4.957,4.606,4.721,995206.723266,4741732.027398061,4741732.027398061,1
2023-08-16 16:00:00,4.72,4.823,4.529,4.674,1329249.819122,6245033.748404109,6245033.748404109,1
2023-08-17 16:00:00,4.67,4.734,4.183,4.505,1622318.072535,7229684.746899413,7229684.746899413,1
2023-08-18 16:00:00,4.504,4.554,4.446,4.531,302708.17913,1360482.434559146,1360482.434559146,1
2023-08-19 16:00:00,4.53,4.552,4.466,4.489,177235.269445,799064.769916842,799064.769916842,1
2023-08-20 16:00:00,4.491,4.538,4.355,4.394,447956.774053,2003569.109082159,2003569.109082159,1
2023-08-21 16:00:00,4.394,4.471,4.358,4.369,401931.355886,1773523.838730749,1773523.838730749,1
2023-08-22 16:00:00,4.367,4.464,4.233,4.457,512808.243534,2248428.314185259,2248428.314185259,1
2023-08-23 16:00:00,4.457,4.538,4.386,4.39,461442.064547,2064592.094751364,2064592.094751364,1
2023-08-24 16:00:00,4.389,4.483,4.355,4.457,521991.138953,2311990.755182964,2311990.755182964,1
2023-08-25 16:00:00,4.455,4.513,4.425,4.501,241481.150509,1082346.430568557,1082346.430568557,1
2023-08-26 16:00:00,4.501,4.547,4.484,4.502,215246.465106,971633.991503238,971633.991503238,1
2023-08-27 16:00:00,4.505,4.587,4.416,4.564,569025.156382,2546165.99196614,2546165.99196614,1
2023-08-28 16:00:00,4.565,4.806,4.537,4.685,1250946.462516,5811704.624930285,5811704.624930285,1
2023-08-29 16:00:00,4.686,4.74,4.514,4.545,620641.340619,2871042.076058631,2871042.076058631,1
2023-08-30 16:00:00,4.546,4.575,4.35,4.37,607304.014877,2713504.848186417,2713504.848186417,1
2023-08-31 16:00:00,4.37,4.377,4.196,4.222,1560014.182952,6674421.14536682,6674421.14536682,1
2023-09-01 16:00:00,4.222,4.274,4.135,4.252,406319.659001,1708911.880497276,1708911.880497276,1
2023-09-02 16:00:00,4.25,4.3,4.203,4.252,204117.705362,870254.141543749,870254.141543749,1
2023-09-03 16:00:00,4.253,4.32,4.191,4.233,446267.359737,1901986.477791146,1901986.477791146,1
2023-09-04 16:00:00,4.232,4.302,4.192,4.277,423288.260198,1801226.089360792,1801226.089360792,1
2023-09-05 16:00:00,4.279,4.285,4.203,4.218,399564.377933,1694599.631975061,1694599.631975061,1
2023-09-06 16:00:00,4.217,4.289,4.172,4.252,569034.926012,2415741.96803974,2415741.96803974,1
2023-09-07 16:00:00,4.252,4.33,4.199,4.223,610240.321263,2599455.019611489,2599455.019611489,1
2023-09-08 16:00:00,4.223,4.28,4.217,4.263,250923.178996,1067417.833392281,1067417.833392281,1
2023-09-09 16:00:00,4.263,4.263,4.099,4.138,538936.892755,2245029.261817812,2245029.261817812,1
2023-09-10 16:00:00,4.137,4.182,3.959,4.015,1109904.703491,4493865.434398009,4493865.434398009,1
2023-09-11 16:00:00,4.011,4.095,3.907,4.006,961684.942586,3847612.941693763,3847612.941693763,1
2023-09-12 16:00:00,4.005,4.109,3.95,4.028,1365355.922243,5483616.857097977,5483616.857097977,1
2023-09-13 16:00:00,4.029,4.075,3.972,4.045,703903.127004,2832628.504202487,2832628.504202487,1
2023-09-14 16:00:00,4.048,4.122,4.028,4.114,569127.253745,2321797.112870374,2321797.112870374,1
2023-09-15 16:00:00,4.116,4.225,4.093,4.154,481761.029583,2007830.446159169,2007830.446159169,1
2023-09-16 16:00:00,4.154,4.188,4.108,4.13,362652.052859,1499829.847622133,1499829.847622133,1
2023-09-17 16:00:00,4.129,4.217,4.014,4.181,899015.747484,3715828.906913929,3715828.906913929,1
2023-09-18 16:00:00,4.18,4.19,4.077,4.134,863020.202913,3557652.762124094,3557652.762124094,1
2023-09-19 16:00:00,4.135,4.168,4.075,4.109,580599.77009,2390799.446124512,2390799.446124512,1
2023-09-20 16:00:00,4.108,4.165,4.005,4.039,771596.164721,3151073.956042176,3151073.956042176,1
2023-09-21 16:00:00,4.039,4.041,3.976,4.009,500758.437806,2011514.641844485,2011514.641844485,1
2023-09-22 16:00:00,4.007,4.039,3.994,4.009,273944.085485,1099309.52620413,1099309.52620413,1
2023-09-23 16:00:00,4.009,4.058,4,4.04,208632.332438,840083.129269071,840083.129269071,1
2023-09-24 16:00:00,4.042,4.082,3.947,4.067,678078.618578,2731952.661666426,2731952.661666426,1
2023-09-25 16:00:00,4.069,4.098,3.998,4.01,768836.972825,3108620.707533248,3108620.707533248,1
2023-09-26 16:00:00,4.01,4.073,3.973,4.007,771721.434659,3106677.821731879,3106677.821731879,1
2023-09-27 16:00:00,4.008,4.083,3.969,4.078,664766.015136,2676004.480499307,2676004.480499307,1
2023-09-28 16:00:00,4.078,4.12,4.052,4.094,803198.705756,3282842.281230668,3282842.281230668,1
2023-09-29 16:00:00,4.095,4.112,4.067,4.098,290287.444848,1186212.630638408,1186212.630638408,1
2023-09-30 16:00:00,4.1,4.214,4.088,4.189,453459.514046,1880706.530012012,1880706.530012012,1
2023-10-01 16:00:00,4.192,4.299,4.148,4.167,740395.516211,3137680.974087117,3137680.974087117,1
2023-10-02 16:00:00,4.165,4.195,4.057,4.084,507113.378408,2090093.442397568,2090093.442397568,1
2023-10-03 16:00:00,4.083,4.101,3.957,4.011,603540.923211,2432301.719635776,2432301.719635776,1
2023-10-04 16:00:00,4.01,4.082,4,4.025,424490.418142,1717628.791859333,1717628.791859333,1
2023-10-05 16:00:00,4.024,4.077,3.996,4.063,316013.136998,1275461.96272026,1275461.96272026,1
2023-10-06 16:00:00,4.063,4.111,4.054,4.077,261054.916134,1065829.374225934,1065829.374225934,1
2023-10-07 16:00:00,4.077,4.078,4.002,4.021,261404.089692,1054379.407534728,1054379.407534728,1
2023-10-08 16:00:00,4.02,4.03,3.767,3.847,1066747.4941,4161514.400692041,4161514.400692041,1
2023-10-09 16:00:00,3.848,3.896,3.753,3.809,719952.974482,2758666.990137838,2758666.990137838,1
2023-10-10 16:00:00,3.809,3.827,3.709,3.733,680721.502433,2563132.439280745,2563132.439280745,1
2023-10-11 16:00:00,3.732,3.742,3.62,3.664,591579.889262,2183517.885827559,2183517.885827559,1
2023-10-12 16:00:00,3.667,3.719,3.622,3.687,502364.304421,1845490.561246272,1845490.561246272,1
2023-10-13 16:00:00,3.688,3.776,3.687,3.758,340723.561321,1271196.851298837,1271196.851298837,1
2023-10-14 16:00:00,3.758,3.776,3.706,3.739,474194.822081,1773008.179552041,1773008.179552041,1
2023-10-15 16:00:00,3.74,3.905,3.737,3.763,996324.548527,3787828.967435753,3787828.967435753,1
2023-10-16 16:00:00,3.764,3.815,3.632,3.696,588530.201342,2202175.522306912,2202175.522306912,1
2023-10-17 16:00:00,3.695,3.722,3.645,3.683,1008653.816845,3707498.676148411,3707498.676148411,1
2023-10-18 16:00:00,3.683,3.689,3.557,3.632,633186.756421,2294884.163475473,2294884.163475473,1
2023-10-19 16:00:00,3.632,3.804,3.612,3.711,1049675.834013,3905087.358026141,3905087.358026141,1
2023-10-20 16:00:00,3.712,3.877,3.676,3.863,830767.559512,3138649.353861939,3138649.353861939,1
2023-10-21 16:00:00,3.863,3.979,3.81,3.819,1113401.308527,4337968.400976561,4337968.400976561,1
2023-10-22 16:00:00,3.819,4.133,3.815,4.095,1758023.993041,7020799.522916061,7020799.522916061,1
2023-10-23 16:00:00,4.095,4.422,4.079,4.154,3357230.738157,14311098.207414201,14311098.207414201,1
2023-10-24 16:00:00,4.153,4.337,4.12,4.332,1628335.404521,6861383.610429056,6861383.610429056,1
2023-10-25 16:00:00,4.333,4.448,4.145,4.201,1615533.668891,6957815.790446,6957815.790446,1
2023-10-26 16:00:00,4.201,4.251,4.104,4.164,846179.037604,3528194.698484718,3528194.698484718,1
2023-10-27 16:00:00,4.164,4.224,4.043,4.191,724255.346117,3004696.114216302,3004696.114216302,1
2023-10-28 16:00:00,4.192,4.288,4.125,4.267,543283.499206,2278055.716181567,2278055.716181567,1
2023-10-29 16:00:00,4.268,4.368,4.234,4.356,1074371.215524,4633578.674388675,4633578.674388675,1
2023-10-30 16:00:00,4.356,4.61,4.265,4.36,2126448.681066,9473153.730807528,9473153.730807528,1
2023-10-31 16:00:00,4.363,4.497,4.323,4.362,1195706.616898,5262790.075429385,5262790.075429385,1
2023-11-01 16:00:00,4.362,4.806,4.359,4.588,2840702.765902,13285776.653292462,13285776.653292462,1
2023-11-02 16:00:00,4.589,4.683,4.457,4.621,1886088.856397,8600647.930732485,8600647.930732485,1
2023-11-03 16:00:00,4.624,4.78,4.557,4.643,1202834.776569,5603983.695730797,5603983.695730797,1
2023-11-04 16:00:00,4.643,4.91,4.636,4.776,1925292.354528,9161954.999027804,9161954.999027804,1
2023-11-05 16:00:00,4.777,4.899,4.653,4.869,1631964.736828,7840085.029993228,7840085.029993228,1
2023-11-06 16:00:00,4.868,5,4.72,4.784,2166388.01778,10637354.026799403,10637354.026799403,1
2023-11-07 16:00:00,4.788,5.094,4.72,4.95,2145443.215399,10628284.872853885,10628284.872853885,1
2023-11-08 16:00:00,4.946,5.263,4.936,5.15,1899171.396351,9699676.120278688,9699676.120278688,1
2023-11-09 16:00:00,5.151,5.213,4.446,5.03,3405201.055914,16916484.051056852,16916484.051056852,1
2023-11-10 16:00:00,5.031,5.499,5.027,5.472,3019653.58868,15954288.769684301,15954288.769684301,1
2023-11-11 16:00:00,5.474,5.857,5.344,5.766,3689550.30605,20794512.818576024,20794512.818576024,1
2023-11-12 16:00:00,5.767,5.888,5.425,5.589,1918345.843616,10859090.165734018,10859090.165734018,1
2023-11-13 16:00:00,5.59,5.623,5.217,5.341,2116380.690232,11409095.417296266,11409095.417296266,1
2023-11-14 16:00:00,5.345,5.46,5,5.445,2036185.729478,10732803.897663305,10732803.897663305,1
2023-11-15 16:00:00,5.446,5.8,5.398,5.47,2755789.775945,15406252.250291829,15406252.250291829,1
2023-11-16 16:00:00,5.47,5.598,5.055,5.072,2102010.086434,11219188.402132949,11219188.402132949,1
2023-11-17 16:00:00,5.073,5.287,4.993,5.227,1308305.881909,6752071.930477214,6752071.930477214,1
2023-11-18 16:00:00,5.229,5.313,5.177,5.29,868690.62434,4565286.390660226,4565286.390660226,1
2023-11-19 16:00:00,5.29,5.57,5.269,5.438,1901412.498836,10339267.493206751,10339267.493206751,1
2023-11-20 16:00:00,5.437,5.454,5.031,5.143,2127480.323778,11100436.246261979,11100436.246261979,1
2023-11-21 16:00:00,5.143,5.185,4.83,5.085,3376261.062864,16843630.81796098,16843630.81796098,1
2023-11-22 16:00:00,5.086,5.289,5.061,5.105,1698851.358993,8799268.118327554,8799268.118327554,1
2023-11-23 16:00:00,5.107,5.27,5.096,5.247,1358121.432495,7054592.398140874,7054592.398140874,1
2023-11-24 16:00:00,5.247,5.387,5.198,5.348,953438.81528,5035122.335743524,5035122.335743524,1
2023-11-25 16:00:00,5.348,5.414,5.258,5.273,760381.583517,4053054.8194519,4053054.8194519,1
2023-11-26 16:00:00,5.276,5.384,5.073,5.085,1717279.277531,8998326.449585648,8998326.449585648,1
2023-11-27 16:00:00,5.081,5.234,5.038,5.222,1434771.675245,7395640.09646253,7395640.09646253,1
2023-11-28 16:00:00,5.226,5.386,5.192,5.23,1624517.455012,8603684.025587757,8603684.025587757,1
2023-11-29 16:00:00,5.231,5.5,5.119,5.498,1602932.499858,8467166.229205338,8467166.229205338,1
2023-11-30 16:00:00,5.496,5.579,5.37,5.428,1807250.335901,9883399.871764694,9883399.871764694,1
2023-12-01 16:00:00,5.427,5.541,5.412,5.482,545584.877452,2990075.240935087,2990075.240935087,1
2023-12-02 16:00:00,5.482,5.609,5.43,5.507,929998.259038,5140154.037194947,5140154.037194947,1
2023-12-03 16:00:00,5.508,5.724,5.409,5.49,2558860.402997,14298479.381030029,14298479.381030029,1
2023-12-04 16:00:00,5.487,5.734,5.483,5.627,1665077.650129,9344569.093159334,9344569.093159334,1
2023-12-05 16:00:00,5.629,6.16,5.601,6.128,3345572.684772,19794350.450622907,19794350.450622907,1
2023-12-06 16:00:00,6.13,6.2,5.901,6.099,2673497.654021,16224024.496353121,16224024.496353121,1
2023-12-07 16:00:00,6.1,6.701,6.058,6.679,2479817.610738,15851211.468338906,15851211.468338906,1
2023-12-08 16:00:00,6.679,7.692,6.597,7.316,4590954.051909,33440049.446166805,33440049.446166805,1
2023-12-09 16:00:00,7.319,7.35,6.956,7.219,1913219.435621,13728665.684913966,13728665.684913966,1
2023-12-10 16:00:00,7.218,7.36,6.18,6.682,3478072.937935,23674212.506613113,23674212.506613113,1
2023-12-11 16:00:00,6.681,7.339,6.396,7.14,3601933.130728,24871147.961982035,24871147.961982035,1
2023-12-12 16:00:00,7.136,7.249,6.61,7.047,2567033.17329,17796718.706001273,17796718.706001273,1
2023-12-13 16:00:00,7.046,7.648,6.908,7.26,3260924.673033,23939934.723407947,23939934.723407947,1
2023-12-14 16:00:00,7.259,7.768,7.025,7.091,2575401.795999,18997632.664162813,18997632.664162813,1
2023-12-15 16:00:00,7.096,7.32,6.861,7.278,1362284.43136,9672333.609199333,9672333.609199333,1
2023-12-16 16:00:00,7.276,7.352,6.841,6.925,1263443.883589,8932353.202003936,8932353.202003936,1
2023-12-17 16:00:00,6.927,7.007,6.37,6.598,1399324.487688,9330172.603622722,9330172.603622722,1
2023-12-18 16:00:00,6.599,7.047,6.577,6.768,1201319.980896,8217503.570543776,8217503.570543776,1
2023-12-19 16:00:00,6.768,7.137,6.61,7.075,1293790.451569,8944987.742782741,8944987.742782741,1
2023-12-20 16:00:00,7.08,7.839,6.832,7.547,3474964.435424,25581985.869064093,25581985.869064093,1
2023-12-21 16:00:00,7.546,8.575,7.528,8.071,5016829.341443,40773520.316952121,40773520.316952121,1
2023-12-22 16:00:00,8.069,8.115,7.582,7.818,1580299.805245,12367924.763091413,12367924.763091413,1
2023-12-23 16:00:00,7.818,9.22,7.801,8.936,4742352.548006,41084093.519447406,41084093.519447406,1
2023-12-24 16:00:00,8.935,9.4,8.5,9.168,5148720.277198,46447352.478816247,46447352.478816247,1
2023-12-25 16:00:00,9.168,9.6,8.817,8.855,3845777.266672,35190527.591479198,35190527.591479198,1
2023-12-26 16:00:00,8.856,9.013,8.3,8.915,2857612.50463,24898668.118041241,24898668.118041241,1
2023-12-27 16:00:00,8.919,9.017,8.269,8.378,2205183.579156,19025357.104316782,19025357.104316782,1
2023-12-28 16:00:00,8.378,8.681,8.125,8.362,2218001.638661,18742531.833644657,18742531.833644657,1
2023-12-29 16:00:00,8.363,8.487,8.035,8.382,1340108.263508,11095859.711692094,11095859.711692094,1
2023-12-30 16:00:00,8.383,8.646,8.152,8.488,1324291.501752,11173029.51522728,11173029.51522728,1
2023-12-31 16:00:00,8.49,8.538,8.023,8.38,1040519.04998,8596678.506493704,8596678.506493704,1
2024-01-01 16:00:00,8.381,8.807,8.303,8.417,1724192.375121,14865523.265477098,14865523.265477098,1
2024-01-02 16:00:00,8.417,8.574,6.291,7.759,4226032.172861,32112077.992946039,32112077.992946039,1
2024-01-03 16:00:00,7.759,7.961,7.471,7.886,1819946.519351,13996137.986832121,13996137.986832121,1
2024-01-04 16:00:00,7.886,8,7.237,7.352,1699136.662654,12980772.754264958,12980772.754264958,1
2024-01-05 16:00:00,7.35,7.45,6.939,7.236,1115037.435355,8051971.790361752,8051971.790361752,1
2024-01-06 16:00:00,7.236,7.325,7.024,7.147,894709.826136,6440393.634076706,6440393.634076706,1
2024-01-07 16:00:00,7.147,7.265,6.506,7.234,1868583.401698,12952813.458630698,12952813.458630698,1
2024-01-08 16:00:00,7.232,7.528,6.985,7.136,1715837.423843,12576851.482420611,12576851.482420611,1
2024-01-09 16:00:00,7.137,7.227,6.795,7.082,1770191.617264,12481975.723407456,12481975.723407456,1
2024-01-10 16:00:00,7.079,8.581,7.007,8.234,3908812.536082,31308507.660042394,31308507.660042394,1
2024-01-11 16:00:00,8.237,8.322,7.833,7.892,1448189.835307,11723390.66180992,11723390.66180992,1
2024-01-12 16:00:00,7.892,7.949,7.312,7.704,1546839.888893,11845463.864133375,11845463.864133375,1
2024-01-13 16:00:00,7.708,7.74,7.461,7.669,712050.891113,5421163.429072798,5421163.429072798,1
2024-01-14 16:00:00,7.67,7.697,7.304,7.422,835399.366721,6288012.677197773,6288012.677197773,1
2024-01-15 16:00:00,7.416,7.694,7.341,7.511,902738.98437,6802006.501495091,6802006.501495091,1
2024-01-16 16:00:00,7.514,7.601,7.323,7.342,838922.224376,6256732.109567221,6256732.109567221,1
2024-01-17 16:00:00,7.343,7.393,7.109,7.215,897797.763981,6528624.31060348,6528624.31060348,1
2024-01-18 16:00:00,7.21,7.228,6.775,6.801,1433465.293401,9984737.824650499,9984737.824650499,1
2024-01-19 16:00:00,6.8,6.95,6.57,6.862,1029994.601861,6996222.749862571,6996222.749862571,1
2024-01-20 16:00:00,6.861,6.975,6.797,6.888,527122.370563,3635186.586441851,3635186.586441851,1
2024-01-21 16:00:00,6.888,6.913,6.418,6.517,1094647.779971,7289810.668486959,7289810.668486959,1
2024-01-22 16:00:00,6.519,6.566,5.973,6.23,1912064.728898,11988310.019695541,11988310.019695541,1
2024-01-23 16:00:00,6.225,6.542,6.156,6.424,757589.959479,4814299.503221775,4814299.503221775,1
2024-01-24 16:00:00,6.424,6.571,6.293,6.39,619343.070926,3991505.19204311,3991505.19204311,1
2024-01-25 16:00:00,6.388,6.629,6.348,6.622,672157.521299,4360088.829548246,4360088.829548246,1
2024-01-26 16:00:00,6.619,6.73,6.53,6.689,568039.117234,3782338.614987948,3782338.614987948,1
2024-01-27 16:00:00,6.691,6.795,6.626,6.654,585777.487498,3928596.943646174,3928596.943646174,1
2024-01-28 16:00:00,6.654,7.002,6.568,6.824,875111.221324,5959620.950987613,5959620.950987613,1
2024-01-29 16:00:00,6.823,7.297,6.78,7.006,1353658.494578,9535832.554091987,9535832.554091987,1
2024-01-30 16:00:00,7.006,7.04,6.616,6.795,927907.072349,6337376.548231931,6337376.548231931,1
2024-01-31 16:00:00,6.792,6.854,6.532,6.732,716008.145305,4794375.058759624,4794375.058759624,1
2024-02-01 16:00:00,6.731,7.006,6.683,6.993,653168.834198,4474001.813856766,4474001.813856766,1
2024-02-02 16:00:00,6.994,7.024,6.812,6.884,556734.808738,3857043.349982559,3857043.349982559,1
2024-02-03 16:00:00,6.884,6.917,6.712,6.781,427159.819605,2901068.94111673,2901068.94111673,1
2024-02-04 16:00:00,6.782,6.979,6.591,6.797,739357.91413,5025023.587207564,5025023.587207564,1
2024-02-05 16:00:00,6.795,6.823,6.639,6.769,527619.519678,3552604.217766048,3552604.217766048,1
2024-02-06 16:00:00,6.767,6.85,6.67,6.806,436924.35418,2954267.598329753,2954267.598329753,1
2024-02-07 16:00:00,6.802,7.08,6.786,7.048,855634.92547,5941613.072384354,5941613.072384354,1
2024-02-08 16:00:00,7.046,7.333,6.908,7.211,1279903.789463,9089213.55197496,9089213.55197496,1
2024-02-09 16:00:00,7.21,7.279,7.055,7.142,633263.928643,4540909.648935274,4540909.648935274,1
2024-02-10 16:00:00,7.142,7.343,7.116,7.202,649854.191577,4702639.258182099,4702639.258182099,1
2024-02-11 16:00:00,7.205,7.265,6.979,7.248,645672.525657,4589918.829161886,4589918.829161886,1
2024-02-12 16:00:00,7.25,7.453,7.117,7.2,1284604.450892,9384579.015899002,9384579.015899002,1
2024-02-13 16:00:00,7.203,7.71,7.154,7.579,1309891.834969,9848096.0523599,9848096.0523599,1
2024-02-14 16:00:00,7.577,7.953,7.513,7.792,1173027.487805,9091469.817251911,9091469.817251911,1
2024-02-15 16:00:00,7.793,7.866,7.538,7.643,1037846.815858,8040866.196716742,8040866.196716742,1
2024-02-16 16:00:00,7.644,7.705,7.341,7.455,880085.212343,6634258.354803702,6634258.354803702,1
2024-02-17 16:00:00,7.459,7.857,7.428,7.777,821735.633136,6341818.009993932,6341818.009993932,1
2024-02-18 16:00:00,7.777,7.92,7.664,7.739,1324857.123197,10342292.477622588,10342292.477622588,1
2024-02-19 16:00:00,7.738,8.167,7.4,7.568,2336591.437994,18238174.401775247,18238174.401775247,1
2024-02-20 16:00:00,7.571,7.83,7.224,7.378,1295652.297568,9691379.373797822,9691379.373797822,1
2024-02-21 16:00:00,7.378,7.609,7.245,7.568,1043944.117932,7782752.270426889,7782752.270426889,1
2024-02-22 16:00:00,7.57,7.685,7.273,7.406,1549590.831832,11536115.406633483,11536115.406633483,1
2024-02-23 16:00:00,7.41,7.853,7.3,7.781,1656515.829961,12675082.168823615,12675082.168823615,1
2024-02-24 16:00:00,7.783,7.89,7.677,7.731,996824.796029,7751492.816631114,7751492.816631114,1
2024-02-25 16:00:00,7.731,7.945,7.587,7.857,1473757.911911,11469750.40365565,11469750.40365565,1
2024-02-26 16:00:00,7.855,8.25,7.851,8.043,2214938.484461,17909112.298374357,17909112.298374357,1
2024-02-27 16:00:00,8.043,8.638,7.993,8.421,2121541.246484,17736215.658270076,17736215.658270076,1
2024-02-28 16:00:00,8.42,8.898,7.7,8.822,3272779.64292,27528528.211263168,27528528.211263168,1
2024-02-29 16:00:00,8.822,8.866,8.028,8.291,1829100.897211,15408127.320865438,15408127.320865438,1
2024-03-01 16:00:00,8.292,9.198,8.272,9.023,2177921.697025,19274135.765731789,19274135.765731789,1
2024-03-02 16:00:00,9.021,9.47,8.54,9.301,2642778.855719,24114728.389485825,24114728.389485825,1
2024-03-03 16:00:00,9.302,10.308,9.233,10.155,3881740.308026,38203622.120826376,38203622.120826376,1
2024-03-04 16:00:00,10.154,10.763,9.63,10.283,4103766.979219,41838970.815521233,41838970.815521233,1
2024-03-05 16:00:00,10.29,10.36,8.079,9.982,5539283.766914,52619430.114412077,52619430.114412077,1
2024-03-06 16:00:00,9.983,10.998,9.975,10.424,2428192.854642,25402951.130793176,25402951.130793176,1
2024-03-07 16:00:00,10.423,10.67,10.082,10.218,1720948.818645,17885076.710147465,17885076.710147465,1
2024-03-08 16:00:00,10.217,10.953,9.957,10.757,2277260.954365,23992565.066709336,23992565.066709336,1
2024-03-09 16:00:00,10.757,10.775,10.037,10.172,1626666.818506,16981880.520262783,16981880.520262783,1
2024-03-10 16:00:00,10.173,11,9.766,10.857,2472703.94144,25935560.71909452,25935560.71909452,1
2024-03-11 16:00:00,10.857,11.243,10.424,10.653,2474340.339382,26836814.076421062,26836814.076421062,1
2024-03-12 16:00:00,10.664,11.317,10.026,10.817,2157234.852325,23255120.576338512,23255120.576338512,1
2024-03-13 16:00:00,10.817,11.95,10.76,11.163,3157796.908351,35890784.035134728,35890784.035134728,1
2024-03-14 16:00:00,11.166,11.709,9.976,10.416,3506524.733812,37804534.813156135,37804534.813156135,1
2024-03-15 16:00:00,10.416,11.031,10.074,10.291,2041352.470133,21643172.092798675,21643172.092798675,1
2024-03-16 16:00:00,10.291,10.293,9.2,10.049,1862592.894428,18185941.10004305,18185941.10004305,1
2024-03-17 16:00:00,10.043,10.453,9.703,9.876,1560103.629609,15764223.658551048,15764223.658551048,1
2024-03-18 16:00:00,9.876,10.033,8.7,9.203,1873045.2722,17342780.360576069,17342780.360576069,1
2024-03-19 16:00:00,9.202,9.365,8.488,8.92,1600527.407974,14349206.243890637,14349206.243890637,1
2024-03-20 16:00:00,8.923,9.58,8.558,9.312,1263705.169233,11711330.693834011,11711330.693834011,1
2024-03-21 16:00:00,9.312,9.533,8.718,8.891,1245497.092519,11348425.287056797,11348425.287056797,1
2024-03-22 16:00:00,8.896,9.225,8.693,9.161,690191.556645,6193785.313602745,6193785.313602745,1
2024-03-23 16:00:00,9.164,9.27,8.955,9.216,472659.76702,4311832.85417352,4311832.85417352,1
2024-03-24 16:00:00,9.216,9.752,9.062,9.727,734081.703809,6930192.745903265,6930192.745903265,1
2024-03-25 16:00:00,9.728,10.058,9.596,9.801,1062508.533223,10455981.757770351,10455981.757770351,1
2024-03-26 16:00:00,9.803,9.861,9.309,9.383,1395770.059767,13394319.34552201,13394319.34552201,1
2024-03-27 16:00:00,9.385,9.655,9.3,9.598,734107.36788,6971377.302580124,6971377.302580124,1
2024-03-28 16:00:00,9.599,9.812,9.346,9.58,1019992.821627,9752956.30330318,9752956.30330318,1
2024-03-29 16:00:00,9.582,9.698,9.395,9.523,591230.561274,5650312.889606608,5650312.889606608,1
2024-03-30 16:00:00,9.521,9.608,9.389,9.571,406372.171935,3867625.260098422,3867625.260098422,1
2024-03-31 16:00:00,9.575,9.738,8.947,9.008,1461683.362082,13660096.508652269,13660096.508652269,1
2024-04-01 16:00:00,9.004,9.192,8.376,8.459,1462423.958509,12779942.154684782,12779942.154684782,1
2024-04-02 16:00:00,8.455,8.778,8.34,8.539,974640.947543,8412482.746044771,8412482.746044771,1
2024-04-03 16:00:00,8.536,8.667,8.265,8.613,906152.799231,7684240.674897257,7684240.674897257,1
2024-04-04 16:00:00,8.617,8.712,8.079,8.401,864078.250952,7222559.091407535,7222559.091407535,1
2024-04-05 16:00:00,8.4,8.497,8.321,8.429,527658.467027,4433188.975213985,4433188.975213985,1
2024-04-06 16:00:00,8.427,8.74,8.391,8.649,570492.807769,4888725.898306918,4888725.898306918,1
2024-04-07 16:00:00,8.65,9.092,8.531,9.021,853055.481238,7529685.01870958,7529685.01870958,1
2024-04-08 16:00:00,9.019,9.112,8.648,8.872,1049716.888653,9386696.016118796,9386696.016118796,1
2024-04-09 16:00:00,8.872,8.935,8.12,8.31,1232764.569668,10474952.390814804,10474952.390814804,1
2024-04-10 16:00:00,8.306,8.525,8.183,8.29,1105603.259467,9242777.189308191,9242777.189308191,1
2024-04-11 16:00:00,8.289,8.49,8.115,8.13,1037222.969567,8625256.798272939,8625256.798272939,1
2024-04-12 16:00:00,8.131,8.157,6.363,7.11,5363493.554346,38456331.36981398,38456331.36981398,1
2024-04-13 16:00:00,7.109,7.131,5.7,6.561,7544466.572487,48334267.940688672,48334267.940688672,1
2024-04-14 16:00:00,6.562,7.207,6.362,6.876,2594023.658023,17646565.852543915,17646565.852543915,1
2024-04-15 16:00:00,6.877,6.922,6.373,6.415,1841408.606039,12208712.884506526,12208712.884506526,1
2024-04-16 16:00:00,6.414,6.78,6.352,6.4,1049412.24463,6877141.219968858,6877141.219968858,1
2024-04-17 16:00:00,6.399,6.793,6.327,6.751,971085.04811,6422691.656934761,6422691.656934761,1
2024-04-18 16:00:00,6.75,6.919,6.274,6.805,1619954.515465,10791892.558251268,10791892.558251268,1
2024-04-19 16:00:00,6.806,6.969,6.578,6.968,536144.684223,3616405.856528986,3616405.856528986,1
2024-04-20 16:00:00,6.969,7.291,6.945,7.117,733996.275148,5261978.723337971,5261978.723337971,1
2024-04-21 16:00:00,7.118,7.584,6.962,7.448,1024659.81085,7504546.082532084,7504546.082532084,1
2024-04-22 16:00:00,7.449,7.565,7.318,7.406,1001100.454907,7458454.113851659,7458454.113851659,1
2024-04-23 16:00:00,7.413,7.501,7.016,7.034,1178017.844703,8589791.513463102,8589791.513463102,1
2024-04-24 16:00:00,7.03,7.131,6.704,6.918,884215.061764,6093298.423397949,6093298.423397949,1
2024-04-25 16:00:00,6.917,6.978,6.721,6.812,606636.186371,4162342.557922065,4162342.557922065,1
2024-04-26 16:00:00,6.812,6.897,6.506,6.647,646154.79622,4324322.497403444,4324322.497403444,1
2024-04-27 16:00:00,6.647,6.951,6.63,6.85,548857.250537,3744270.200739531,3744270.200739531,1
2024-04-28 16:00:00,6.85,6.916,6.472,6.629,825233.836189,5488936.64669277,5488936.64669277,1
2024-04-29 16:00:00,6.629,6.669,6.123,6.154,1035789.943598,6641092.668422615,6641092.668422615,1
2024-04-30 16:00:00,6.151,6.646,6.035,6.497,3573762.59011,22773732.673381053,22773732.673381053,1
2024-05-01 16:00:00,6.493,7.1,6.435,7.005,2555739.25626,17397130.028460763,17397130.028460763,1
2024-05-02 16:00:00,7.006,7.411,6.98,7.257,1453189.85964,10459965.546306979,10459965.546306979,1
2024-05-03 16:00:00,7.259,7.387,7.113,7.192,794844.902217,5731101.23532239,5731101.23532239,1
2024-05-04 16:00:00,7.193,7.253,7.016,7.244,565349.91855,4020176.692370427,4020176.692370427,1
2024-05-05 16:00:00,7.245,7.474,7.061,7.179,1143612.028946,8343690.793747887,8343690.793747887,1
2024-05-06 16:00:00,7.178,7.294,7.023,7.194,679189.057479,4871315.624286712,4871315.624286712,1
2024-05-07 16:00:00,7.197,7.225,6.892,7.152,779234.118919,5495567.913068033,5495567.913068033,1
2024-05-08 16:00:00,7.154,7.167,6.783,6.961,739559.837334,5145408.31815625,5145408.31815625,1
2024-05-09 16:00:00,6.961,7.151,6.805,6.863,783232.138724,5472623.087884246,5472623.087884246,1
2024-05-10 16:00:00,6.86,6.882,6.633,6.731,510539.212147,3449490.620505938,3449490.620505938,1
2024-05-11 16:00:00,6.731,6.763,6.64,6.751,267279.648247,1792310.551961696,1792310.551961696,1
2024-05-12 16:00:00,6.754,6.792,6.432,6.762,707967.279927,4710431.518827243,4710431.518827243,1
2024-05-13 16:00:00,6.762,6.825,6.489,6.646,602939.9551,4002674.923990298,4002674.923990298,1
2024-05-14 16:00:00,6.647,6.939,6.461,6.863,1013647.114062,6763060.231647708,6763060.231647708,1
2024-05-15 16:00:00,6.868,7.032,6.815,6.928,1013497.401745,7023694.920063775,7023694.920063775,1
2024-05-16 16:00:00,6.929,7.3,6.887,7.236,1424687.149029,10155070.93830093,10155070.93830093,1
2024-05-17 16:00:00,7.235,7.27,7.064,7.133,676295.422616,4860511.103329693,4860511.103329693,1
2024-05-18 16:00:00,7.132,7.185,6.963,7.031,355911.863884,2520057.052474586,2520057.052474586,1
2024-05-19 16:00:00,7.03,7.071,6.852,7.049,451346.884051,3146355.868728699,3146355.868728699,1
2024-05-20 16:00:00,7.05,7.672,7.033,7.53,1725513.548653,12889260.826754847,12889260.826754847,1
2024-05-21 16:00:00,7.529,7.699,7.425,7.611,892894.877484,6777110.120454957,6777110.120454957,1
2024-05-22 16:00:00,7.609,7.629,7.17,7.209,1223247.643731,9054435.070486124,9054435.070486124,1
2024-05-23 16:00:00,7.207,7.387,6.881,7.261,1707066.282191,12179824.894180927,12179824.894180927,1
2024-05-24 16:00:00,7.262,7.35,7.179,7.334,516700.299457,3753725.521756014,3753725.521756014,1
2024-05-25 16:00:00,7.334,7.639,7.331,7.581,768076.233363,5734951.102796845,5734951.102796845,1
2024-05-26 16:00:00,7.582,7.737,7.378,7.727,777956.00217,5854171.118259271,5854171.118259271,1
2024-05-27 16:00:00,7.725,7.776,7.277,7.39,1582621.008353,11858838.755450875,11858838.755450875,1
2024-05-28 16:00:00,7.389,7.565,7.212,7.227,1321870.964595,9769220.195543773,9769220.195543773,1
2024-05-29 16:00:00,7.226,7.275,6.926,7.07,875404.113108,6242015.698456837,6242015.698456837,1
2024-05-30 16:00:00,7.068,7.139,6.856,6.864,690952.844839,4841599.551289547,4841599.551289547,1
2024-05-31 16:00:00,6.859,7.134,6.805,7.093,562560.893277,3945309.147171191,3945309.147171191,1
2024-06-01 16:00:00,7.092,7.126,6.989,7.083,287623.164528,2033273.049195648,2033273.049195648,1
2024-06-02 16:00:00,7.086,7.189,6.918,7.133,657292.100495,4666007.282356717,4666007.282356717,1
2024-06-03 16:00:00,7.138,7.209,6.942,7.168,614576.307373,4335835.597873867,4335835.597873867,1
2024-06-04 16:00:00,7.168,7.297,7.131,7.229,636993.460335,4589078.478468112,4589078.478468112,1
2024-06-05 16:00:00,7.229,7.293,7.148,7.251,550038.828931,3975176.212444799,3975176.212444799,1
2024-06-06 16:00:00,7.25,7.29,7.057,7.216,772977.832014,5546508.610340334,5546508.610340334,1
2024-06-07 16:00:00,7.216,7.219,6.024,6.467,2817821.110996,18404826.28404324,18404826.28404324,1
2024-06-08 16:00:00,6.467,6.502,6.338,6.471,588239.160445,3784253.949415079,3784253.949415079,1
2024-06-09 16:00:00,6.471,6.581,6.358,6.55,553633.388904,3584646.270103686,3584646.270103686,1
2024-06-10 16:00:00,6.552,6.569,6.218,6.302,1201075.327721,7646274.816691298,7646274.816691298,1
2024-06-11 16:00:00,6.301,6.711,6.244,6.705,1150311.036825,7424305.929601103,7424305.929601103,1
2024-06-12 16:00:00,6.708,6.928,6.365,6.38,1609089.891656,10704609.308487795,10704609.308487795,1
2024-06-13 16:00:00,6.382,6.496,6.2,6.222,864849.573035,5516722.647609464,5516722.647609464,1
2024-06-14 16:00:00,6.222,6.259,5.982,6.229,1121972.555987,6876522.730370575,6876522.730370575,1
2024-06-15 16:00:00,6.227,6.352,6.15,6.345,347357.475362,2165327.755410365,2165327.755410365,1
2024-06-16 16:00:00,6.343,6.427,6.091,6.106,862612.08185,5410275.478832523,5410275.478832523,1
2024-06-17 16:00:00,6.105,6.309,5.415,5.8,3733300.479661,21568990.478477319,21568990.478477319,1
2024-06-18 16:00:00,5.799,5.994,5.589,5.809,1593022.802452,9274222.445467239,9274222.445467239,1
2024-06-19 16:00:00,5.808,5.973,5.642,5.654,1129873.314555,6597614.907155334,6597614.907155334,1
2024-06-20 16:00:00,5.652,5.738,5.562,5.651,1071627.793065,6072258.305177234,6072258.305177234,1
2024-06-21 16:00:00,5.65,5.804,5.542,5.747,762845.045738,4319453.845046386,4319453.845046386,1
2024-06-22 16:00:00,5.75,5.817,5.693,5.705,602552.868346,3471241.776329639,3471241.776329639,1
2024-06-23 16:00:00,5.705,5.728,5.372,5.544,1376023.250436,7685477.965151817,7685477.965151817,1
2024-06-24 16:00:00,5.539,5.973,5.533,5.94,1496291.525101,8563717.916962761,8563717.916962761,1
2024-06-25 16:00:00,5.942,5.953,5.786,5.855,740737.783609,4350060.021650111,4350060.021650111,1
2024-06-26 16:00:00,5.857,6.379,5.709,6.289,2911796.531125,17663592.839221376,17663592.839221376,1
2024-06-27 16:00:00,6.29,6.44,6.218,6.309,1596205.713171,10095211.509138958,10095211.509138958,1
2024-06-28 16:00:00,6.309,6.39,6.075,6.109,731407.26363,4562422.225929718,4562422.225929718,1
2024-06-29 16:00:00,6.116,6.203,6.021,6.142,549028.441775,3355149.105075973,3355149.105075973,1
2024-06-30 16:00:00,6.139,6.393,6.113,6.358,1615700.500467,10191718.408085778,10191718.408085778,1
2024-07-01 16:00:00,6.356,6.532,6.316,6.38,1570784.774792,10079228.38566671,10079228.38566671,1
2024-07-02 16:00:00,6.378,6.607,6.059,6.214,2573403.675122,16467079.103525335,16467079.103525335,1
2024-07-03 16:00:00,6.213,6.227,5.607,5.839,2484926.005329,14638295.368374828,14638295.368374828,1
2024-07-04 16:00:00,5.837,5.887,4.907,5.865,7578901.322784,40711161.128667065,40711161.128667065,1
2024-07-05 16:00:00,5.862,6.047,5.632,6.008,3570170.748407,20730835.118506038,20730835.118506038,1
2024-07-06 16:00:00,6.008,6.314,5.993,6.028,2035844.401722,12608108.743191953,12608108.743191953,1
2024-07-07 16:00:00,6.026,6.298,5.697,5.978,1221147.548866,7305672.290399199,7305672.290399199,1
2024-07-08 16:00:00,5.981,6.189,5.842,6.152,1198093.228824,7231387.936193828,7231387.936193828,1
2024-07-09 16:00:00,6.148,6.263,6.039,6.13,921724.754662,5651920.457733155,5651920.457733155,1
2024-07-10 16:00:00,6.13,6.246,5.988,6.005,727400.582564,4457926.661115117,4457926.661115117,1
2024-07-11 16:00:00,6.006,6.041,5.802,6.001,452808.562601,2677381.406229068,2677381.406229068,1
2024-07-12 16:00:00,6.002,6.288,5.958,6.27,471115.049543,2899977.716342277,2899977.716342277,1
2024-07-13 16:00:00,6.27,6.325,6.161,6.287,439159.774747,2739200.467993997,2739200.467993997,1
2024-07-14 16:00:00,6.289,6.537,6.216,6.326,1503177.462717,9598371.605043894,9598371.605043894,1
2024-07-15 16:00:00,6.322,6.514,6.127,6.46,1320277.224518,8398798.551608727,8398798.551608727,1
2024-07-16 16:00:00,6.461,6.533,6.298,6.382,1014448.883293,6524449.210937658,6524449.210937658,1
2024-07-17 16:00:00,6.381,6.406,6.077,6.086,1292309.968494,8096953.89176955,8096953.89176955,1
2024-07-18 16:00:00,6.083,6.255,5.982,6.245,1059330.567652,6495160.116202402,6495160.116202402,1
2024-07-19 16:00:00,6.245,6.37,6.223,6.329,661741.247555,4174174.61349233,4174174.61349233,1
2024-07-20 16:00:00,6.329,6.395,6.211,6.289,568036.574967,3582908.745739215,3582908.745739215,1
2024-07-21 16:00:00,6.289,6.474,6.102,6.224,832884.438422,5253723.196418018,5253723.196418018,1
2024-07-22 16:00:00,6.223,6.238,5.936,5.946,948576.845803,5758050.887885399,5758050.887885399,1
2024-07-23 16:00:00,5.945,5.996,5.802,5.897,761203.425917,4501097.987305156,4501097.987305156,1
